<?xml version="1.0" encoding="UTF-8"?>
<templates xml:space="preserve">
    <t t-name="Barcode128Widget">
        <input t-if="!widget.get('effective_readonly')" class="o_form_input"
               t-att-barcode_events="widget.options.barcode_events"
               t-att-type="widget.password ? 'password' : 'text'"
               t-att-id="widget.id_for_label"
               t-att-tabindex="widget.node.attrs.tabindex"
               t-att-autofocus="widget.node.attrs.autofocus"
               t-att-placeholder="widget.node.attrs.placeholder"
               t-att-maxlength="widget.field.size"/>
        <div t-if="widget.get('effective_readonly')">
            <span/>
            <a target="_blank">
                <img/>
            </a>
        </div>
    </t>
</templates>
