<?xml version="1.0" encoding="utf-8"?>
<openerp>
    <data>

        <template id="assets_frontend" inherit_id="website.assets_frontend" name="Shop">
            <xpath expr="." position="inside">
                <script type="text/javascript" src="/website_sale_add_to_cart/static/src/js/website_sale_add_to_cart.js"></script>
                <link rel='stylesheet' href='/website_sale_add_to_cart/static/src/css/website_sale_add_to_cart.css'/>
            </xpath>
        </template>

        <template id="website_sale_checkout_store_assets_frontend" name="website_sale_checkout_store assets" inherit_id="website_sale.assets_frontend">
            <xpath expr="." position="inside">
                <script src="/website_sale_add_to_cart/static/src/js/website_sale_add_to_cart_tour.js" type="text/javascript"></script>
            </xpath>
        </template>

        <template id="products_item" inherit_id="website_sale.products_item" customize_show="True" active="True" name="Quick add to Cart (product list)">
            <xpath expr="//div[@itemtype='http://schema.org/Product']" position="inside">
                <div t-if="len(product.product_variant_ids) == 1" class="quick_add_to_cart input-group">
                    <a t-attf-href="#" class="mb8 input-group-addon js_add_cart_json">
                        <i class="fa fa-minus"></i>
                    </a>
                    <input type="text" class="form-control" style="text-align:center"
                        t-att-data-product-id="product.product_variant_ids[0].id"
                        t-att-value="'0'"/>
                    <a t-attf-href="#" class="mb8 input-group-addon float_left js_add_cart_json">
                        <i class="fa fa-plus"></i>
                    </a>
                </div>
            </xpath>
        </template>

        <template id="product" inherit_id="website_sale.product" customize_show="True" active="True" name="Quick add to Cart (product page)">
            <xpath expr="//a[@id='add_to_cart']" position="replace">
                <a t-if="len(product.product_variant_ids) == 1" id="add_to_cart" class="btn btn-primary btn-lg mt8 js_check_product a-submit" href="#" style="display:none" quick-add-to-cart="1">Add to Cart</a>
                <a t-if="len(product.product_variant_ids) != 1" id="add_to_cart" class="btn btn-primary btn-lg mt8 js_check_product a-submit" href="#">Add to Cart</a>
            </xpath>
        </template>

        <template id="quantity_null" inherit_id="website_sale.product_quantity" customize_show="True" active="True" name="Quantity fix">
            <xpath expr="//input[@name='add_qty']" position="replace">
                <input type="text" class="form-control js-quantity" data-min="0" name="add_qty" value="0"/>
            </xpath>
        </template>

    </data>
</openerp>
