<?xml version="1.0" encoding="utf-8"?>
<openerp>
    <data>
        <record id="view_project_description_form" model="ir.ui.view">
            <field name="name">project.project.description</field>
            <field name="model">project.project</field>
            <field name="type">form</field>
            <field name="inherit_id" ref="project.edit_project"/>
            <field name="arch" type="xml">
                <notebook position="before">
                    <field name="description" groups="project_description.group_access_to_project_description"/>
                </notebook>
            </field>
        </record>   
    </data>
</openerp>
