<?xml version="1.0" encoding="utf-8"?>
<odoo>
<data noupdate="1">
        <record id="config_nobill_noship" model="ir.config_parameter">
            <field name="key">website_sale_checkout_store.nobill_noship</field>
            <field name="value">True</field>
        </record>
        <record id="config_bill_noship" model="ir.config_parameter">
            <field name="key">website_sale_checkout_store.bill_noship</field>
            <field name="value">True</field>
        </record>
        <record id="config_bill_ship" model="ir.config_parameter">
            <field name="key">website_sale_checkout_store.bill_ship</field>
            <field name="value">True</field>
        </record>
        <record id="config_nobill_ship" model="ir.config_parameter">
            <field name="key">website_sale_checkout_store.nobill_ship</field>
            <field name="value">True</field>
        </record>
</data>
</odoo>
