<?xml version="1.0" encoding="utf-8"?>
<openerp><data>

<template id="website.editor_head" inherit_id="website.layout" name="Editor" groups="base.group_website_publisher,base.group_website_designer,website_sales_team.group_team_manager">
    <xpath expr='//t[@t-call-assets="website.assets_frontend"][@t-js]' position="after">
        <t t-call-assets="website.assets_editor" t-js="false"/>
    </xpath>
    <xpath expr='//t[@t-call-assets="website.assets_frontend"][@t-css]' position="after">
        <t t-call-assets="website.assets_editor" t-css="false"/>
    </xpath>
</template>

<template id="product" inherit_id="website_sale.product">
    <xpath expr="//hr[@t-if='product.description_sale']" position="before">
        <t t-if="product.section_id">
            <hr/>
            <div>
                <p><span>Seller:</span> <a t-attf-href="/seller/#{slug(product.section_id)}" t-field="product.section_id"/></p>
                <!--<p><span>Rating:</span> ...</p>-->
                <p><span>Seller's shop:</span> <a t-attf-href="/shop/#{slug(product.section_id)}"><span t-esc="len(product.section_id.product_ids)"/> items</a></p>
            </div>
        </t>
    </xpath>
</template>

<template id="seller" name="Seller">
  <t t-call="website.layout">
      <t t-set="additional_title" t-value="seller.name"/>
      <div id="wrap">
        <div class="container oe_website_sale">
            <h1 t-field="seller.name"/>
            <div t-field="seller.website_description" class="oe_structure mt16" id="seller_description"/>
        </div>
      </div>
  </t>
</template>

<record id="email_template_checkout" model="email.template">
    <field name="name">Send order number (sales team)</field>
    <field name="email_from">${(object.user_id.email or '')|safe}</field>
    <field name="subject">Order details ${object.date_order}</field>
    <field name="partner_to">${object.partner_id.id}</field>
    <field name="model_id" ref="sale.model_sale_order"/>
    <field name="auto_delete" eval="True"/>
    <!--<field name="report_template" ref="report_sale_order"/>-->
    <!--<field name="report_name">${(object.name or '').replace('/','_')}_${object.state == 'draft' and 'draft' or ''}</field>-->
    <field name="lang">${object.partner_id.lang}</field>
    <field name="body_html"><![CDATA[
    <p>Your order is accepted!</p>

    <p>You specified contact information as follows:</p>
    <p>Name: ${object.partner_id.name != object.partner_id.email and object.partner_id.name or ''}</p>
    <p>Email: ${object.partner_id.email or ''}</p>
    <p>Phone: ${object.partner_id.phone or ''}</p>

    
% for order in object.child_ids:
<br/>------------------------------
<br/> <b>Seller:</b> ${order.section_id.name}
<br/> <b>Order number:</b> ${order.name}
<br/> <b>Total:</b> ${order.amount_total} ${order.currency_id.name}
<br/> <b>Information from seller:</b> ${order.sale_description}
<br/> <b>Product list:</b> 
 % for line in order.order_line:
  <br/> ${line.product_id.name}: ${line.product_uom_qty} * ${line.price_unit} ${order.currency_id.name}
 % endfor 
% endfor    

    ]]></field>
</record>

</data></openerp>
