<?xml version="1.0" encoding="utf-8"?>
<openerp>
<data>
    <record id="product_public_category_update_cache_action" model="base.action.rule">
        <field name="name">Website_sale: Update cache for categories</field>
        <field name="model_id" ref="website_sale.model_product_public_category"/>
        <field name="sequence">1</field>
        <field name="kind">on_create_or_write</field>
        <field name="server_action_ids" eval="[(6, 0, [ref('action_update_cache')])]"/>
    </record>

    <record id="product_public_category_update_cache_on_delete_action" model="base.action.rule">
        <field name="name">Website_sale: Update cache for categories on delete</field>
        <field name="model_id" ref="website_sale.model_product_public_category"/>
        <field name="sequence">1</field>
        <field name="kind">on_unlink</field>
        <field name="server_action_ids" eval="[(6, 0, [ref('action_update_cache')])]"/>
    </record>

</data>
</openerp>
