<?xml version="1.0" encoding="utf-8"?>
<openerp><data>

<record model="ir.ui.view" id="project_issue_form_view_sdesk">
    <field name="model">project.issue</field>
    <field name="inherit_id" ref="service_desk_issue.project_issue_form_view_sdesk"/>
    <field name="arch" type="xml">
        <xpath expr="//field[@name='date_deadline']" position="after">
            <field name="reminder_alarm_ids" widget="many2many_tags" attrs="{'readonly':[('date_deadline','=',False)]}" string="Reminders"/>
        </xpath>
    </field>
</record>

</data></openerp>
