<?xml version="1.0" encoding="utf-8"?>
<openerp>
<data>
  <template id="chatter">
      <h1 class="page-header hidden-print">History</h1>
      <ul class="media-list hidden-print" id="comments-list">
          <t t-foreach="record.message_ids" t-as="message">
              <li class="media" t-if="message.subtype_id and  message.subtype_id.internal==False">
                  <div class="media-body">
                      <img class="media-object pull-left" t-att-src="'/website/image?model=res.partner&amp;field=image_small&amp;id='+str(message.author_id.id)" style="width: 50px; margin-right: 10px;"/>
                      <div class="media-body">
                          <h5 class="media-heading">
                              <span t-field="message.author_id"/> <small>on <span t-field="message.date"/></small>
                          </h5>
                          <div t-field="message.body"/>
                      </div>
                  </div>
              </li>
          </t>
      </ul>
  </template>

  <!-- Options:Quotation Chatter: user can reply -->
  <template id="opt_quotation_chatter_post_complete_comment" name="Allow Comments" customize_show="True" inherit_id="website_proposal.chatter">
      <xpath expr="//h1" position="after">
          <section class="mb32 css_editable_mode_hidden hidden-print">
              <form id="comment" t-attf-action="/website_proposal/#{proposal.id}/#{proposal.access_token}/post" method="POST">
                  <img class="img pull-left img-rounded" t-att-src="'/website/image?model=res.partner&amp;field=image_small&amp;id='+str(user_id.partner_id.id)" style="width: 50px; margin-right: 10px;"/>
                  <div class="pull-left mb32" style="width: 75%%">
                      <textarea rows="4" name="comment" class="form-control" placeholder="Send us a note..."></textarea>
                      <button type="submit" class="btn btn-primary mt8">Send</button>
                  </div>
              </form>
          </section>
          <div class="clearfix"/>
      </xpath>
  </template>

  <template id="quotation_toolbar">
      <div class="text-center hidden-print" t-if="proposal.state in ('draft',)">
          <a class="btn btn-success fa fa-check" data-toggle="modal" data-target="#modelaccept">
              Accept
          </a>
          <a class="btn btn-info fa fa-comment" type="submit" href="#discussion">
              Feedback
          </a>
          <a class="btn btn-danger fa fa-times" data-toggle="modal" data-target="#modeldecline">
              Reject
          </a>
      </div>
  </template>

  <template id="website.editor_head" inherit_id="website.layout" name="Editor" groups="base.group_website_publisher,base.group_website_designer,base.group_sale_salesman">
      <xpath expr='//t[@t-call-assets="website.assets_frontend"][@t-js]' position="after">
          <t t-call-assets="website.assets_editor" t-js="false"/>
      </xpath>
      <xpath expr='//t[@t-call-assets="website.assets_frontend"][@t-css]' position="after">
          <t t-call-assets="website.assets_editor" t-css="false"/>
      </xpath>
  </template>


  <template id="layout" inherit_id="website.user_navbar" groups="base.group_user">
      <xpath expr="//ul[@id='oe_editzone']" position="replace">
          <ul t-if="not is_proposal" id="oe_editzone" class="nav navbar-nav hidden-xs" style="padding-left: 20px; display: none;" groups="base.group_website_publisher">
              <li><button type="button" data-action="edit" class="btn btn-primary btn-xs">Edit</button></li>
          </ul>
          <ul t-if="is_proposal" id="oe_editzone" class="nav navbar-nav hidden-xs" style="padding-left: 20px; display: none;" groups="base.group_sale_salesman">
              <li><button type="button" data-action="edit" class="btn btn-primary btn-xs">Edit</button></li>
          </ul>
      </xpath>
  </template>

  <template id="proposal" name="Proposal">
      <t t-call="website.layout">
        <t t-set="is_proposal" t-value="True"/>
        <t t-set="head">
            <t t-raw="head or ''"/>
            <t t-raw="proposal.head"/>
        </t>
        <body data-spy="scroll" data-target=".navspy">
            <div class="container">
              <div class="row mt16">
                  <div class="col-md-3">
                      <div class="bs-sidebar">
                          <div class="text-center hidden-print" t-if="proposal.state in ('draft',)" style="padding: 10px">
                              <a t-if="order_valid" class="btn btn-primary btn-block fa fa-check" data-toggle="modal" data-target="#modelaccept">
                                  Accept
                              </a>
                              <a t-if="not order_valid" href="#discussion" class="btn btn-info btn-block">
                                  <strong>This offer expired!</strong><br/>
                                  Contact us for new quote.
                              </a>
                              <div class="mt8" t-if="order_valid">
                                  <a type="submit" href="#discussion">
                                      Ask Changes
                                  </a> or 
                                  <a data-toggle="modal" data-target="#modeldecline">
                                      Reject
                                  </a>
                              </div>
                          </div>
                          <hr class="mt0 mb0"/>
                          <t t-call="website_proposal.navigation_menu"/>


<!--

                          <hr class="mt0 mb0"/>
                          <div t-if="order_valid" class="text-center hidden-print">
                              <input type="hidden" t-att-value="proposal.validity_date" id="validity_date"/>
                              <div class="mt8" t-if="days_valid &gt; 0">
                                  <strong>This offer expires in</strong>
                                  <div class="fa fa-clock-o fa-2x day_counter mt8 mb16">
                                      <t t-esc="days_valid"/>
                                      <t t-if="days_valid &gt; 1">
                                          days
                                      </t>
                                      <t t-if="days_valid &lt;= 1">
                                          day
                                      </t>
                                  </div>
                              </div>
                              <div class="text-center mb16" t-if="proposal.amount_undiscounted &gt; proposal.amount_total">
                                  <p class="text-muted mb8">Your advantage:</p>
                                  <strong t-field="proposal.amount_total" 
                                        t-field-options='{"widget": "monetary", "display_currency": "proposal.pricelist_id.currency_id"}'/>
                                  <strong t-field="proposal.amount_undiscounted"
                                        t-field-options='{"widget": "monetary", "display_currency": "proposal.pricelist_id.currency_id"}'
                                        style="text-decoration: line-through"
                                        class="text-danger"/>
                              </div>
                         </div>
-->
                      </div>
                  </div>
                  <div class="col-md-9">
                      <div class="alert alert-success alert-dismissable" t-if="message==1">
                          <button type="button" class="close" data-dismiss="alert" aria-hidden="true">&amp;times;</button>
                          Your message has been successfully sent!
                      </div>
                      <div class="alert alert-warning alert-dismissable" t-if="message==2">
                          <button type="button" class="close" data-dismiss="alert" aria-hidden="true">&amp;times;</button>
                          This quotation has been rejected. <a href="#discussion">Contact us</a> if you want a new one.
                      </div>
                      <div class="alert alert-warning alert-dismissable" t-if="message==3">
                          <button type="button" class="close" data-dismiss="alert" aria-hidden="true">&amp;times;</button>
                          This order has been validated. Thanks for your trust
                          and do not hesitate to <a href="#discussion">contact us</a> for
                          any question.
                      </div>
                      <a id="introduction"/>
                      <h1 class="page-header mt16">
                          <span>Proposal</span>
                          <em t-esc="proposal.res_name"/>
                          <div groups="base.group_website_publisher" t-ignore="true" class="pull-right css_editable_mode_hidden">
                              <!-- <a class="btn btn-info hidden-print" t-att-href="'/web#return_label=Website&amp;model=%s&amp;id=%s' % (proposal._name, proposal.id)">Update Quote</a> -->
                          </div>
                      </h1>

                      <div class="modal fade" id="modelaccept" role="dialog" aria-hidden="true">
                        <div class="modal-dialog">
                          <form id="accept" method="POST" t-attf-action="/website_proposal/accept/#{proposal.id}/?token=#{proposal.access_token}" class="js_accept_json modal-content">
                            <div class="modal-header">
                              <button type="button" class="close" data-dismiss="modal" aria-hidden="true">&amp;times;</button>
                              <h4 class="modal-title">Validate Order</h4>
                            </div>
                            <div class="modal-body" id="sign-dialog">
                              <p>
                                  I accept this proposal
                                  <!--
                                  I agree that by signing this proposal, I
                                  accept it on the behalf of <b t-field="proposal.company_id"/>,
                                  for an amount of 
                                  <b data-id="total_amount" t-field="proposal.amount_total"
                                    t-field-options='{"widget": "monetary", "display_currency": "proposal.pricelist_id.currency_id"}'/>
                                  with payment terms: <b t-field="proposal.payment_term"/>.
                                  -->
                              </p>
                              <div id="signer" class="form-group">
                                  <label class="control-label" for="name">Your Name:</label>
                                  <input type="text" name="signer" id="name" class="form-control"/>
                              </div>
                            </div>
                            <div class="modal-footer">
                                <span class="status_label" style="color:grey; margin-right:1em; display:none;">Loading... </span>
                                <button t-att-type="not user_id.is_employee and 'submit' or ''" t-attf-class="btn btn-primary" t-att-onclick="user_id.is_employee and 'alert(\'Employee cannot sign proposal\'); return false;' or ''">Sign Proposal</button> or
                                <button type="button" class="btn btn-link" data-dismiss="modal" style="padding: 0">Cancel</button>
                            </div>
                          </form>
                        </div>
                      </div>

                      <div class="alert alert-warning alert-dismissable" t-if="proposal.state == 'cancel'">
                          <button type="button" class="close hidden-print" data-dismiss="alert" aria-hidden="true">&amp;times;</button>
                          <strong>This quotation has been canceled.</strong> Contact us to get a new quote.
                      </div>

                      <div class="modal fade" id="modeldecline" role="dialog" aria-hidden="true">
                        <div class="modal-dialog">
                          <form id="decline" method="POST" t-attf-action="/website_proposal/#{proposal.id}/#{proposal.access_token}/decline" class="modal-content">
                            <div class="modal-header">
                              <button type="button" class="close" data-dismiss="modal" aria-hidden="true">&amp;times;</button>
                              <h4 class="modal-title">Reject This Quote</h4>
                            </div>
                            <div class="modal-body">
                              <p>
                                  Tell us why you are refusing this quotation, this will help us improve our services.
                              </p>
                              <textarea rows="4" name="decline_message" placeholder="Your feedback....." class="form-control"/>
                            </div>
                            <div class="modal-footer">
                                <button t-att-type="not user_id.is_employee and 'submit' or ''" t-att-id="proposal.id" class="btn btn-primary" t-att-onclick="user_id.is_employee and 'alert(\'Employee cannot reject proposal\'); return false;' or ''">Reject</button> or
                                <button type="button" class="btn btn-link" data-dismiss="modal" style="padding: 0">Cancel</button>
                            </div>
                          </form>
                        </div>
                      </div>

                      <!--
                      <div class="row mt32">
                          <div class="col-md-6">
                              <div class="row">
                                  <label class="col-sm-4 text-right">Customer:</label>
                                  <div class="col-sm-8">
                                      <div t-field="proposal.partner_id"/>
                                  </div>
                              </div>
                              <div class="row">
                                  <label class="col-sm-4 text-right">Bill To:</label>
                                  <div class="col-sm-8">
                                      <div t-field="proposal.partner_invoice_id" t-field-options='{
                                          "widget": "contact",
                                          "fields": ["address", "name", "phone", "email"]
                                          }'/>
                                  </div>
                              </div>
                              <div t-if="proposal.partner_shipping_id.id != proposal.partner_invoice_id.id" class="row">
                                  <label class="col-sm-4 text-right">Ship To:</label>
                                  <div class="col-sm-8">
                                      <div t-field="proposal.partner_shipping_id" t-field-options='{
                                        "widget": "contact",
                                        "fields": ["address", "name", "phone"]
                                        }'/>
                                  </div>
                              </div>
                          </div>
                          <div class="col-md-6">
                              <div class="row">
                                  <label class="col-sm-5 text-right">Your Contact:</label>
                                  <div class="col-sm-7">
                                      <div t-field="proposal.user_id" t-field-options='{
                                          "widget": "contact",
                                          "fields": ["name", "phone", "email"]
                                          }'/>
                                  </div>
                              </div>
                              <div class="row">
                                  <label class="col-sm-5 text-right">Quote Date:</label>
                                  <div class="col-sm-7">
                                      <span t-field="proposal.date_order"/>
                                  </div>
                                  <div class="clearfix"/>
                                  <div t-if="proposal.client_order_ref">
                                      <label class="col-sm-5 text-right">Your Reference:</label>
                                      <div class="col-sm-7">
                                          <span t-field="proposal.client_order_ref"/>
                                      </div>
                                  </div>
                              </div>
                          </div>
                      </div>
-->

                      <a id="offer"/>
                      <div class="header report-only" t-field="proposal.page_header"/>
                      <div class="page" t-field="proposal.website_description"/>
                      <div class="footer report-only" t-field="proposal.page_header"/>

                      <t t-call="website_proposal.quotation_toolbar"/>


                      <a id="discussion"/>
                      <t t-call="website_proposal.chatter"/>
                  </div>
              </div>
            </div>
        </body>
      </t>
  </template>

  <template id="navigation_menu">
    <div class="hidden-print navspy" t-ignore="true" role="complementary">
        <ul class="nav bs-sidenav" data-id="quote_sidebar">
            <li><a href="#introduction">Proposal</a></li>
        </ul>
    </div>
  </template>

  <!-- Options:Quotation Signature -->
  <template id="opt_quotation_signature" name="Ask Signature" customize_show="True" inherit_id="website_proposal.proposal">
      <xpath expr="//div[@id='sign-dialog']" position="inside">
        <div class="panel panel-default mt16 mb0" id="drawsign">
            <div class="panel-heading">
                <div class="pull-right">
                    <a id="sign_clean" class="btn btn-xs">Clear</a>
                </div>
                <strong>Draw your signature</strong>
            </div>
            <div id="signature" class="panel-body" style="padding: 0"/>
        </div>
      </xpath>
  </template>


  <template id="assets_frontend" name="proposal assets" inherit_id="website.assets_frontend">
      <xpath expr="." position="inside">
          <link rel='stylesheet' href='/website_proposal/static/src/css/website_proposal.css'/>
          <script type="text/javascript" src="/website_proposal/static/src/js/website_proposal.js"></script>
          <script type="text/javascript" src="/website_proposal/static/lib/jSignature/jSignature.min.js"></script>
      </xpath>
  </template>

  <template id="assets_editor" name="proposal assets editor" inherit_id="website.assets_editor">
      <xpath expr="." position="inside">
          <script type="text/javascript" src="/website_proposal/static/src/js/website_proposal.editor.js"></script>
      </xpath>
  </template>


  <template id="template" name="SO Template">
    <t t-call="website.layout">
        <t t-set="head">
            <link rel='stylesheet' href='/website_proposal/static/src/css/website_proposal_template.css'/>
            <t t-raw="head or ''"/>
            <t t-raw="template.head"/>
        </t>
        <body data-spy="scroll" data-target=".navspy">
            <div class="container">
                <div class="row mt16">
                    <div class="col-md-3">
                        <div class="bs-sidebar">
                            <div class="hidden-print navspy" role="complementary" t-ignore="True">
                                <ul class="nav bs-sidenav" data-id="quote_sidebar"/>
                            </div>
                        </div>
                    </div>
                    <div class="col-md-9">
                        <div class="alert alert-info alert-dismissable" t-ignore="True">
                            <button type="button" class="close" data-dismiss="alert" aria-hidden="true">&amp;times;</button>
                            <p>
                                <strong>Template Header:</strong> this content
                                will appear on all quotations using this
                                template.
                            </p>
                            <p class="text-muted">
                                Titles with style <i>Heading 1</i> and
                                <i>Heading 2</i> will be used to generate the
                                table of content automatically.
                            </p>
                        </div>

                        <div class="alert alert-info alert-dismissable" t-ignore="True">
                            <button type="button" class="close" data-dismiss="alert" aria-hidden="true">&amp;times;</button>
                            Header in exported document (pdf)
                        </div>
                        <div t-field="template.page_header"/>
                        

                        <div class="alert alert-info alert-dismissable" t-ignore="True">
                            <button type="button" class="close" data-dismiss="alert" aria-hidden="true">&amp;times;</button>
                            Document content
                        </div>

                        <div id="template_introduction" t-field="template.website_description"/>

                        <div class="alert alert-info alert-dismissable" t-ignore="True">
                            <button type="button" class="close" data-dismiss="alert" aria-hidden="true">&amp;times;</button>
                            Footer in exported document (pdf)
                        </div>
                        <div t-field="template.page_footer"/>

                    </div>
                </div>
            </div>
        </body>
        </t>
  </template>

  <record model="ir.ui.view" id="view_sale_quote_template_form">
      <field name="name">website_proposal.template.form</field>
      <field name="model">website_proposal.template</field>
      <field name="type">form</field>
      <field name="arch" type="xml">
          <form string="Proposal template">
              <sheet>
                  <button string="Edit Template" type="object" name="open_template" class="oe_link oe_right"/>
                  <div class="oe_title">
                      <label for="name" class="oe_edit_only"/>
                      <h1>
                          <field name="name"/>
                      </h1>
                  </div>

                  <group>
                      <group>
                          <field name="res_model"/> 
                      </group>
                  </group>
                  <notebook>
                      <page string="Body">
                          <p>Note, that this view doesn't include "Head (technical)" value. Use "Edit Template" button to edit (or see) final version.</p>
                          <separator string="Body"/>
                          <field name="website_description"/>
                      </page>
                      <page string="Header">
                          <field name="page_header"/>
                      </page>
                      <page string="Footer">
                          <field name="page_footer"/>
                      </page>
                      <page string="Head (technical)">
                          <field name="head"/>
                      </page>
                  </notebook>
              </sheet>
          </form>
      </field>
  </record>


  <record model="ir.ui.view" id="view_website_proposal_tree">
      <field name="name">website_proposal.template.tree</field>
      <field name="model">website_proposal.template</field>
      <field name="type">tree</field>
      <field name="arch" type="xml">
          <tree string="Proposal Template">
              <field name="name"/>
          </tree>
      </field>
  </record>

  <record id="action_website_proposal_template" model="ir.actions.act_window">
      <field name="name">Proposal Templates</field>
      <field name="type">ir.actions.act_window</field>
      <field name="res_model">website_proposal.template</field>
      <field name="view_type">form</field>
      <field name="view_mode">tree,form</field>
  </record>


  <menuitem action="action_website_proposal_template" id="menu_website_proposal_template" parent="base.menu_base_config" sequence="6" groups="base.group_sale_salesman,base.group_sale_manager"/>

  <record model="ir.ui.view" id="view_mail_message_subtype_form">
      <field name="name">mail.message.subtype.form</field>
      <field name="model">mail.message.subtype</field>
      <field name="inherit_id" ref="mail.view_mail_message_subtype_form"/>
      <field name="arch" type="xml">
          <xpath expr="//field[@name='hidden']" position="after">
              <field name="internal"/>
          </xpath>
      </field>
  </record>

</data>
</openerp>
