<?xml version="1.0" encoding="utf-8"?>
<openerp>
    <data>
        <record id="view_project_form_allow_automove" model="ir.ui.view">
            <field name="name">project.form.allow.automove</field>
            <field name="model">project.project</field>
            <field name="inherit_id" ref="project.edit_project"/>
            <field name="arch" type="xml">
                <data>
                    <xpath expr="//group[@name='misc']" position="inside">
                        <field name="allow_automove" attrs="{'invisible': [('use_tasks', '=', False)]}"/>
                     </xpath>
                </data>
            </field>
        </record>

        <record id="view_project_task_type_form_autostaging" model="ir.ui.view">
            <field name="name">project.task.type.form.autostaging</field>
            <field name="model">project.task.type</field>
            <field name="inherit_id" ref="project.task_type_edit"/>
            <field name="arch" type="xml">
                <data>
                    <xpath expr="//field[@name='sequence']" position="after">
                        <group  colspan="2" col="2" string="Autostaging">
                            <field name="active_move"/>
                            <field name="to_stage_automove_id" string="To stage" attrs="{'required': [('active_move','=',True)], 'readonly':[('active_move', '=', False)]}"/>
                            <field name="delay_automove" attrs="{'required': [('active_move','=',True)], 'readonly':[('active_move', '=', False)]}"> <span>days</span> </field>
                        </group>
                    </xpath>
                </data>
            </field>
        </record>


        <record id="view_project_task_type_tree_autostaging" model="ir.ui.view">
            <field name="name">project.task.type.tree.autostaging</field>
            <field name="model">project.task.type</field>
            <field name="inherit_id" ref="project.task_type_tree"/>
            <field name="arch" type="xml">
                <data>
                    <xpath expr="//field[@name='fold']" position="after">
                        <field name="active_move" string="Enable auto move"/>
                    </xpath>
                </data>
            </field>
        </record>

        <record id="view_project_task_form_autostaging" model="ir.ui.view">
            <field name="name">project.task.form.autostaging</field>
            <field name="model">project.task</field>
            <field name="inherit_id" ref="project.view_task_form2"/>
            <field name="arch" type="xml">
                <data>
                    <xpath expr="//page[@string='Extra Info']" position="inside">
                        <group  colspan="2" col="2" string="Autostaging" attrs="{'invisible':[('allow_automove','=',False)]}">
                            <field name="automove_to_stage_id" string='To stage'/>
                            <field name="days_to_automove"/>
                            <field name="allow_automove" invisible="1"/>
                        </group>
                    </xpath>
                </data>
            </field>
        </record>

    </data>
</openerp>
