<?xml version="1.0" encoding="utf-8"?>
<openerp>
    <data>

        <template id="assets_frontend" inherit_id="website.assets_frontend" name="Shop">
            <xpath expr="." position="inside">
                <link rel='stylesheet' href='/website_sale_add_to_cart_stock_status/static/src/css/main.css'/>
            </xpath>
        </template>

        <template id="products_item" inherit_id="website_sale.products_item">
            <xpath expr="./form" position="attributes">
                <attribute name="t-attf-class">#{'disable_to_order' if any([not s.can_be_ordered for s in product.website_style_ids]) else ''}</attribute>
            </xpath>
        </template>
    </data>
</openerp>
