<?xml version="1.0"?>
<openerp>
    <data>
        <record id="page_rule" model="ir.rule">
            <field name="name">Can only read write and create game page</field>
            <field name="model_id" ref="model_chess_game"/>
            <field name="groups" eval="[(6,0,[ref('base.group_user')])]"/>
            <field name="domain_force">['|', ('first_user_id', '=', user.id), ('second_user_id', '=', user.id)]</field>
            <field name="perm_unlink" eval="0"/>
            <field name="perm_write" eval="1"/>
            <field name="perm_read" eval="1"/>
            <field name="perm_create" eval="1"/>
        </record>
        <record id="game_move_rule" model="ir.rule">
            <field name="name">Can only read and create move</field>
            <field name="model_id" ref="model_chess_game_line"/>
            <field name="groups" eval="[(6,0,[ref('base.group_user')])]"/>
            <field name="domain_force">['|', ('game_id.first_user_id', '=', user.id), ('game_id.second_user_id', '=', user.id)]</field>
            <field name="perm_unlink" eval="0"/>
            <field name="perm_write" eval="1"/>
            <field name="perm_read" eval="1"/>
            <field name="perm_create" eval="1"/>
        </record>
        <record id="chat_message_rule" model="ir.rule">
            <field name="name">Can only read and create message</field>
            <field name="model_id" ref="model_chess_game_chat"/>
            <field name="groups" eval="[(6,0,[ref('base.group_user')])]"/>
            <field name="domain_force">['|', ('game_id.first_user_id', '=', user.id), ('game_id.second_user_id', '=', user.id)]</field>
            <field name="perm_unlink" eval="0"/>
            <field name="perm_write" eval="0"/>
            <field name="perm_read" eval="1"/>
            <field name="perm_create" eval="1"/>
        </record>
        <record id="users_rating_rule" model="ir.rule">
            <field name="name">Can only write and read rating</field>
            <field name="model_id" ref="model_res_users"/>
            <field name="groups" eval="[(6,0,[ref('base.group_user')])]"/>
            <field name="domain_force"></field>
            <field name="perm_unlink" eval="0"/>
            <field name="perm_write" eval="1"/>
            <field name="perm_read" eval="1"/>
            <field name="perm_create" eval="0"/>
        </record>
         <record id="tournament_edit_rule" model="ir.rule">
            <field name="name">Can only read write delete and create tournament</field>
            <field name="model_id" ref="model_chess_tournament"/>
            <field name="groups" eval="[(6,0,[ref('base.group_user')])]"/>
            <field name="domain_force">[('create_uid', '=', user.id)]</field>
            <field name="perm_unlink" eval="1"/>
            <field name="perm_write" eval="1"/>
            <field name="perm_read" eval="0"/>
            <field name="perm_create" eval="0"/>
        </record>
        <record id="tgame_rule" model="ir.rule">
            <field name="name">Can only read and write game data</field>
            <field name="model_id" ref="model_chess_game"/>
            <field name="groups" eval="[(6,0,[ref('base.group_user')])]"/>
            <field name="domain_force">[('tournament.players', 'in', user.id)]</field>
            <field name="perm_unlink" eval="0"/>
            <field name="perm_write" eval="0"/>
            <field name="perm_read" eval="1"/>
            <field name="perm_create" eval="0"/>
        </record>

    </data>
</openerp>
