<?xml version="1.0" encoding="utf-8"?>
<!-- Copyright 2017 LasLabs Inc.
     License LGPL-3.0 or later (http://www.gnu.org/licenses/lgpl). -->
<odoo>

    <record id="blog_category_technology" model="blog.category">
        <field name="name">Technology</field>
        <field name="blog_id" ref="website_blog.blog_blog_1" />
    </record>

    <record id="blog_category_cms" model="blog.category">
        <field name="name">CMS</field>
        <field name="blog_id" ref="website_blog.blog_blog_1" />
        <field name="parent_id" ref="blog_category_technology" />
    </record>

</odoo>
