<?xml version="1.0" encoding="utf-8"?>
<openerp>
    <data>
        <record id="mt_lead_next_action" model="mail.message.subtype">
            <field name="name">Next action changed</field>
            <field name="res_model">crm.lead</field>
            <field name="default" eval="False"/>
            <field name="description">Next action changed</field>
        </record>
        <record id="mt_lead_next_action_date" model="mail.message.subtype">
            <field name="name">Next action date changed</field>
            <field name="res_model">crm.lead</field>
            <field name="default" eval="False"/>
            <field name="description">Next action date changed</field>
        </record>
    </data>
</openerp>
