"id","name","model_id:id","group_id:id","perm_read","perm_write","perm_create","perm_unlink"
"access_exception_rule","base.exception","model_exception_rule","base.group_user",1,0,0,0
"access_exception_rule_manager","base.exception","model_exception_rule","base_exception.group_exception_rule_manager",1,1,1,1
"access_base_exception","base.exception","model_base_exception","base.group_user",1,0,0,0
"access_base_exception_manager","base.exception","model_base_exception","base_exception.group_exception_rule_manager",1,1,1,1
