<?xml version="1.0" encoding="utf-8"?>
<openerp>
    <data>
        <record id="view_forum_forum_form" model="ir.ui.view">
            <field name="name">forum.forum.form</field>
            <field name="model">forum.forum</field>
            <field name="inherit_id" ref="website_forum.view_forum_forum_form"/>
                <field name="arch" type="xml">
                    <page string='Karma Requirements' position="after">
                        <page string='FAQ'>
                            <field name='faq' nolabel="1" />
                        </page>
                    </page>
                </field>
        </record>
    </data>
</openerp>

