<?xml version="1.0" encoding="utf-8"?>
<openerp>
    <data noupdate="1">

        <record id="menu_departments" model="website.menu">
            <field name="name">Departments</field>
            <field name="url">/page/departments</field>
            <field name="parent_id" ref="website.main_menu"/>
            <field name="sequence" type="int">40</field>
        </record>
        <record id="action_open_website" model="ir.actions.act_url">
            <field name="name">Website Departments</field>
            <field name="target">self</field>
            <field name="url">/page/departments</field>
        </record>
        <record id="base.open_menu" model="ir.actions.todo">
            <field name="action_id" ref="action_open_website"/>
            <field name="state">open</field>
        </record>

    </data>
</openerp>
