<openerp>
    <data noupdate="1">
        <record id="email_registration" model="mail.template">
            <field name="name">email for registation</field>
            <field name="subject">Confirm registration</field>
            <field name="partner_to">${object.id}</field>
            <field name="email_to">${ctx["email_to"]}</field>
            <field name="model_id" ref="base.model_res_partner"/>
            <field name="auto_delete" eval="True"/>
            <field name="body_html"><![CDATA[
                <p>Follow the link to finish registration:  ${ctx["link"]}
                </p>
            ]]></field>
        </record>
    </data>
</openerp>
