<?xml version="1.0" encoding="utf-8"?>
<odoo>
    <data>
        <record id="website_sale_stock_status.ribbon_new" model="product.style">
            <field name="name">New</field>
            <field name="html_class">oe_ribbon_new</field>
        </record>
        <record id="website_sale_stock_status.ribbon_new_release" model="product.style">
            <field name="name">NEW RELEASE</field>
            <field name="html_class">oe_ribbon_new_release</field>
        </record>
        <record id="website_sale_stock_status.ribbon_pre_order_now" model="product.style">
            <field name="name">Pre order now!</field>
            <field name="html_class">oe_ribbon_pre_order_now</field>
        </record>
        <record id="website_sale_stock_status.ribbon_backordered" model="product.style">
            <field name="name">Backordered</field>
            <field name="html_class">oe_ribbon_backordered</field>
            <field name="auto" eval="True"/>
        </record>
        <record id="website_sale_stock_status.ribbon_discontinued" model="product.style">
            <field name="name">Discontinued</field>
            <field name="html_class">oe_ribbon_discontinued</field>
            <field name="auto" eval="True"/>
            <field name="can_be_ordered" eval="False"/>
        </record>
        <!-- We have to delete it first because it's marked as noupdate -->
        <delete id="website_sale.image_promo" model="product.style"/>
        <record id="website_sale.image_promo" model="product.style">
            <field name="name">Sale</field>
            <field name="html_class">oe_ribbon_promo</field>
        </record>
    </data>
    <data noupdate="1">
        <record id="ir_cron_update_ribbons" model="ir.cron">
            <field name="name">Update product stock status</field>
            <field name="user_id" ref="base.user_root"/>
            <field name="interval_number">1</field>
            <field name="interval_type">hours</field>
            <field name="numbercall">-1</field>
            <field eval="False" name="doall"/>
            <field eval="'product.template'" name="model"/>
            <field eval="'update_stock_status_all'" name="function"/>
            <field eval="'()'" name="args"/>
        </record>
    </data>
</odoo>

