<?xml version="1.0" encoding="utf-8"?>
<odoo>
    <data noupdate="1">
        <record id="payment.payment_acquirer_payanyway" model="payment.acquirer">
            <field name="name">PayAnyWay</field>
            <field name="image" type="base64" file="payment_payanyway/static/src/img/payanyway_icon.png"/>
            <field name="provider">payanyway</field>
            <field name="company_id" ref="base.main_company"/>
            <field name="view_template_id" ref="payanyway_acquirer_button"/>
            <field name="environment">test</field>
            <field name="pre_msg"><![CDATA[
                <p>You will be redirected to the PayAnyWay website after clicking on the payment button.</p>]]>
            </field>
            <field name="payanyway_mnt_id">dummy</field>
            <field name="payanyway_mnt_secret">dummy</field>
        </record>
    </data>
</odoo>
