<?xml version="1.0" encoding="utf-8"?>
<openerp>
    <data>
        <template id="calendar">
            <div id='calendar'></div>
            <div style='clear:both'></div>
        </template>

        <!-- Public page -->
        <template id="index" name="Booking Calendar Public">
            <t t-call="website.layout">
                <div id="wrap">
                    <div id="cal_wrap">
                        <t t-call="website_booking_calendar.calendar"/>
                    </div>
                </div>
                <div class="modal fade bs-example-modal-lg" tabindex="-1" role="dialog" id="booking-dialog">
                  <div class="modal-dialog modal-lg">
                    <div class="modal-content">
                        <div class="modal-header alert alert-info">
                            <button type="button" class="close" data-dismiss="modal">
                                <span aria-hidden="true">x</span>
                            </button>
                            <h4 class="modal-title">Choose Packages and push 'Add to Cart'</h4>
                        </div>
                        <div class="modal-body">
                        </div>
                        <div class="modal-footer">
                            <p style="visibility:hidden;" id="booking-taken-msg">Some of the slots (red color) that you are trying to book is already taken. They won't be in your cart, please try another instead. Click 'Add to Cart' to add remaining valid slots</p>
                            <button type="button" class="btn btn-default" data-dismiss="modal">Continue Booking</button>
                            <button type="button" class="btn btn-primary" id="booking-dialog-confirm">Add to Cart</button>
                        </div>
                    </div>
                  </div>
                </div>
                <t t-call="website_booking_calendar.warning_dialog"/>
                <input type="hidden" name="is_logged" t-att-value="1 if user_id != website.user_id else 0"/>
            </t>
        </template>

        <template id="assets_frontend" inherit_id="website.assets_frontend" name="Booking Calendar Assets Include">
            <xpath expr="." position="inside">
                <link rel="stylesheet" href="/booking_calendar/static/src/css/fullcalendar.min.css"/>
                <link rel="stylesheet" href="/website_booking_calendar/static/src/css/website_booking_calendar.css"/>
                <t t-call="web.jqueryui_conflict">
                    <script type="text/javascript" src="/web/static/lib/jquery.ui/js/jquery-ui-1.9.1.custom.js"></script>
                </t>
                <script src="/booking_calendar/static/lib/js/moment.js"></script>
                <script src="/website_booking_calendar/static/src/js/fullcalendar.js"></script>
                <script type="text/javascript" src="/website_booking_calendar/static/src/js/website_booking_calendar.js"></script>
            </xpath>
        </template>

        <template id="cart" inherit_id="website_sale.cart" name="Booking Shopping Cart">
          <xpath expr="//table[@id='cart_products']/thead/tr/th[1]" position="before">
            <th width="50">Pitch</th>
            <th width="100">Date Start</th>
            <th width="100">Date End</th>
          </xpath>
          <xpath expr="//table[@id='cart_products']/tbody/t/tr/td[1]" position="before">
            <td class="text-center">
              <span t-field="line.pitch_id" />
            </td>
            <td class="text-center">
              <span t-field="line.booking_start" />
            </td>
            <td class="text-center">
              <span t-field="line.booking_end" />
            </td>
          </xpath>
          <xpath expr="//table[@id='cart_products']/tbody/t/tr/td[last()]/div" position="attributes">
            <attribute name="style">visibility:hidden</attribute>
          </xpath>
          <xpath expr="//table[@id='cart_products']/tbody/t/tr/td[last()]" position="inside">
            <span t-field="line.product_uom_qty" />
          </xpath>
        </template>

        <template id="confirm_form">
            <form method="POST" action="/booking/calendar/confirm">
                <table class="table table-hover booking-confirm-table">
                    <thead>
                        <tr>
                            <th>Resource</th>
                            <th>Date and Time</th>
                            <th>Package</th>
                            <th>Price</th>
                            <th></th>
                        </tr>
                    </thead>
                    <tbody>
                    <t t-foreach="bookings" t-as="b">
                        <tr>
                            <td>
                                <t t-esc="b['resource'].name"/>
                            </td>
                            <td>
                                <fieldset disabled="">
                                    <input type="text" t-att-value="b['start_f']" class="form-control"/> - <input type="text" t-att-value="b['end_f']" class="form-control"/>
                                </fieldset>
                            </td>
                            <td>
                                <select t-att-name="'product_id[%s][%s-%s]' % (b['resource'].id, b['start'], b['end'])" t-if="b['products']" class="form-control booking-product">
                                    <option></option>
                                    <t t-set="products" t-value="b['products'].values()"/>
                                    <t t-foreach="products" t-as="p">
                                        <option t-att-value="p['id']" t-att-data-price="p['price']" t-att-data-currency="p['currency']" t-att-selected="'selected' if p['id'] == products[0]['id'] else ''">
                                            <t t-esc="p['name']"/>
                                        </option>
                                    </t>
                                </select>
                            </td>
                            <td>
                                <span class="booking-price"><t t-esc="(b['products'] and products[0]['price']) or ''"/></span>
                                <span class="booking-currency" t-esc="(b['products'] and products[0]['currency']) or ''"></span>
                            </td>
                            <td>
                                <button type="button" class="btn btn-default" onclick="$(this).closest('tr').remove() ">
                                    <span class="glyphicon glyphicon-trash" aria-hidden="true"></span>
                                </button>
                            </td>
                        </tr>
                    </t>
                    </tbody>
                </table>
                <input type="hidden" name="timezone" />
                <input type="hidden" name="validation_passed" />
            </form>
        </template>

        <template id="warning_dialog">
            <div class="modal fade" id="booking_warning_dialog">
                <div class="modal-dialog modal-content">
                <div class="modal-header alert alert-warning">
                    <button type="button" class="close" data-dismiss="modal">
                        <span aria-hidden="true">x</span>
                    </button>
                    <h4 class="modal-title">Warning!</h4>
                </div>
                <div class="modal-body">
                </div>
            </div>
            </div>
        </template>
    </data>
</openerp>
